Id_Descuento,Tipo,Nombre,Importe
0000000001,PORCENTAJE,0.2% CAPACITACIÓN,0.002000
0000000002,PORCENTAJE,0.5% DIVO,0.005000
0000000003,PORCENTAJE,1.0% OBS,0.010000
0000000004,PORCENTAJE,0.5% C.N.E.C,0.005000
0000000005,PORCENTAJE,0.2% ICIC,0.002000
0000000006,PORCENTAJE,10% ISR,0.100000
0000000007,PORCENTAJE,1% Cedular,0.010000
0000000008,PORCENTAJE,0.5% DER.SERV.INSP. CONTROL Y VIG.,0.500000
0000000009,PORCENTAJE,IVA RETENIDO,0.106667
